zip_code,vehicles,lat,lon
90000,61.0,35.21463,33.34315
90001,22364.0,48.33925,17.31092
90002,19570.0,48.3465,17.33428
90003,28686.0,1.27867,103.81753
90004,19824.0,1.27876,103.81844
90005,9292.0,1.27872,103.81922
90006,17448.0,1.27815,103.81847999999998
90007,7077.0,1.27836,103.81938
90008,7493.0,1.2778,103.81934
90010,4407.0,1.27773,103.81977
90011,43468.0,1.27737,103.81864
90012,22403.0,1.27719,103.81952
90013,825.0,1.27816,103.82048
90014,585.0,1.2774,103.82047
90015,4841.0,1.27706,103.82076
90016,17354.0,1.27805,103.8215
90017,4239.0,1.2777700000000003,103.8217
90018,17627.0,1.27791,103.82254
90019,23638.0,1.27746,103.82265
90020,10047.0,1.27692,103.82182
90021,282.0,48.25252,17.21271
90022,28379.0,1.27656,103.81982
90023,16741.0,48.27146,17.30301
90024,9085.0,48.21516,17.3606
90025,17945.0,48.2267,17.25501
90026,22828.0,48.25118,17.27247
90027,15189.0,48.19629,17.30145
90028,7236.0,48.18603,17.25619
90029,9001.0,48.1838,17.3554
90032,16591.0,48.2628,17.08669
90033,13643.0,48.24833,17.05734
90034,21971.0,1.27352,103.82248
90035,8169.0,1.27302,103.82212
90036,12991.0,1.27261,103.82203
90037,22422.0,1.27267,103.82288000000001
90038,6687.0,1.27233,103.82221000000001
90039,9681.0,1.27175,103.82251
90040,3148.0,1.2721,103.82325
90041,7887.0,48.09707,17.23995
90042,23542.0,48.08264,17.26603
90043,15430.0,48.03893,17.2528
90044,38350.0,48.14407,17.33557
90045,86226.0,48.154019999999996,17.29635
90046,19611.0,48.13872,17.27573
90047,19858.0,33.95809,-118.30874000000001
90048,6138.0,34.07247,-118.37241
90049,15782.0,35.72321,45.35329
90051,87.0,48.31916,16.98274
90053,23.0,48.36713,17.14665
90054,67.0,48.3482,17.09902
90056,930.0,33.98637,-118.37136
90057,9634.0,22.68875,120.50037
90058,705.0,34.00291,-118.22897
90059,14450.0,33.9279,-118.24773999999998
90061,7938.0,48.46806,16.92482
90062,10321.0,48.4463,16.98069
90063,29624.0,48.41483,16.92471
90064,9906.0,48.40755000000001,16.86063
90065,18155.0,48.38124,16.85096
90066,23445.0,48.32932,16.91256
90067,887.0,48.36439,16.97444
90068,6412.0,48.374089999999995,17.00249
90069,5979.0,34.09206,-118.38112999999998
90071,62.0,22.68398,120.47624
90077,2191.0,22.67739,120.4777
90089,50.0,48.39876,17.35833
90094,1660.0,33.97418,-118.42122
90095,54.0,34.06974,-118.44233000000001
90201,45702.0,48.29458,17.26335
90202,14.0,-34.42019,-56.42548
90210,9381.0,25.41068,66.6622
90211,1931.0,34.06503,-118.38381
90212,3231.0,34.06204,-118.40074
90220,21867.0,33.88802,-118.23989000000002
90221,23251.0,33.89434,-118.20447
90222,10098.0,33.91151,-118.23671
90230,11029.0,33.99619,-118.39861999999998
90232,3822.0,34.01836,-118.39454
90240,9545.0,33.95708,-118.11850000000001
90241,19489.0,33.94109,-118.13007999999999
90242,18050.0,33.92106,-118.14188
90245,4959.0,33.92405,-118.40369
90247,20821.0,33.89143,-118.29721
90248,4633.0,33.87636,-118.28647
90249,9599.0,33.90001,-118.31882000000002
90250,48676.0,55.58755,21.39274
90254,5620.0,33.86508,-118.39661
90255,30154.0,33.97576,-118.21721
90260,11979.0,33.88789,-118.35127
90262,30660.0,33.92404,-118.20111
90265,3893.0,34.04962,-118.76662
90266,16066.0,33.89002,-118.4009
90270,8211.0,33.98878,-118.18803
90272,9202.0,55.81646,22.02477
90274,12208.0,33.78114,-118.37586
90275,22078.0,33.76069,-118.36144000000002
90277,15156.0,33.8289,-118.38299999999998
90278,17813.0,33.87057,-118.37240999999999
90290,577.0,34.09863,-118.60689
90291,6808.0,33.99324,-118.46388
90292,8668.0,33.98,-118.45212
90293,2012.0,33.95762,-118.44103
90301,44213.0,48.21842,17.39756
90302,7799.0,55.758770000000005,21.853
90303,6652.0,55.72694,21.91492
90304,8120.0,55.69833,21.93508
90305,2286.0,55.65174,21.87714
90401,2045.0,48.75149,17.5623
90402,2249.0,34.03575,-118.50300999999999
90403,7533.0,34.03142,-118.48994
90404,5430.0,34.02718,-118.47428999999998
90405,8539.0,34.01079,-118.47097
90501,22347.0,48.67865,17.36307
90502,5517.0,33.83082,-118.29333
90503,21562.0,33.83967,-118.35501000000001
90504,13916.0,33.87021,-118.33004
90505,16935.0,33.81052,-118.35057999999998
90601,13067.0,48.74627,17.340489999999996
90602,7590.0,48.67896,17.25096
90603,6827.0,48.70533,17.28243
90604,17170.0,48.74763,17.35298
90605,18442.0,48.740570000000005,17.41009
90606,12660.0,48.79821,17.47241
90620,23504.0,33.84288,-118.011
90621,15947.0,48.72858,17.61499
90622,229.0,48.77733,17.60653
90623,4757.0,48.75786999999999,17.62921
90630,26207.0,33.8168,-118.03909
90631,38181.0,48.65861,17.40809
90638,25061.0,48.45856,17.16707
90640,38092.0,34.01484,-118.11366
90650,59464.0,33.90599,-118.08327
90660,32433.0,33.98809,-118.08921
90670,9905.0,33.93795,-118.07087
90680,12408.0,33.80096,-117.99642999999999
90701,3933.0,48.75398,17.56834
90703,30562.0,48.74868000000001,17.52828
90704,168.0,33.35748,-118.36033
90706,39277.0,33.88886,-118.1275
90710,8836.0,33.79814,-118.30043
90712,12943.0,33.85099,-118.14661
90713,11579.0,33.84788,-118.11275
90715,5700.0,33.84026,-118.07804999999999
90716,2861.0,48.76764,17.56592
90717,6063.0,33.79394,-118.31705
90720,9028.0,33.79499,-118.07104
90723,24100.0,33.89758,-118.16325
90732,6197.0,33.73849,-118.31151
90740,9585.0,33.76185,-118.08223999999998
90744,24042.0,33.78531,-118.2614
90745,30786.0,33.82315,-118.26858000000001
90746,11135.0,33.85983,-118.25655
90749,92.0,63.81082,20.32228
90755,2569.0,33.80075,-118.16682
90801,13.0,48.66004,17.02417
90802,10721.0,33.76845,-118.18682
90803,11156.0,33.76153,-118.13102
90804,10543.0,33.78216,-118.15211
90805,44637.0,33.86448,-118.17877
90806,15087.0,33.80186,-118.19070999999998
90807,12064.0,33.83148,-118.18099
90808,18225.0,33.82325,-118.11112
90810,14354.0,33.81563,-118.21625
90813,15797.0,33.78216,-118.18927
90814,3949.0,33.77127,-118.14554
90815,17333.0,33.79511,-118.1182
91001,14517.0,1.27961,103.81779
91006,15006.0,30.51289,47.82705
91007,13216.0,34.12684,-118.05057999999998
91008,15.0,48.87441,18.04271
91010,9451.0,-3.78936,-70.35249
91011,7948.0,34.21276,-118.19406
91016,17686.0,1.27757,103.82115
91020,907.0,34.21076,-118.23049999999999
91024,1891.0,34.16612,-118.05126
91030,8613.0,34.11011,-118.15694
91040,6529.0,34.2605,-118.32721000000001
91042,10517.0,34.25507,-118.28608
91101,5899.0,48.891780000000004,18.04984
91103,7531.0,34.16775,-118.16122
91104,12579.0,48.86433,18.02415
91105,2914.0,48.90044,18.01767
91106,7123.0,48.89756,17.99908
91107,13942.0,48.88488,18.0361
91108,3739.0,48.8746,18.04633
91201,7032.0,55.69985,21.1385
91202,7332.0,55.70062,21.13903
91203,4016.0,55.70122,21.13997
91204,4725.0,55.69928,21.14135
91205,12146.0,55.69818,21.1404
91206,12106.0,55.6983,21.13977
91207,1803.0,55.69771,21.13864
91208,4628.0,55.69512,21.14111
91214,13813.0,55.69512,21.14588
91301,9822.0,48.87217,17.83296
91302,11652.0,34.13836,-118.66129
91303,9366.0,48.9,17.95142
91304,22654.0,48.87152,17.93715
91306,21729.0,48.80224,17.88077
91307,9440.0,48.83612,17.83771
91311,19629.0,48.83939,17.98838
91316,10381.0,34.16522,-118.5174
91320,23519.0,34.1776,-118.93962
91321,13625.0,48.85027,18.02122
91324,10588.0,48.76915999999999,18.13882
91325,12712.0,48.80451,18.19225
91326,20255.0,48.82913,18.18275
91331,58095.0,48.93106,18.06959
91335,39557.0,34.20121,-118.53968999999998
91340,14533.0,34.28702,-118.43616000000002
91342,57985.0,22.56214,120.48682
91343,29528.0,34.23924,-118.48156
91344,28441.0,34.27945,-118.50194999999998
91345,6551.0,34.26229,-118.45958
91350,22003.0,34.44072,-118.50424999999998
91351,15113.0,34.42579,-118.4742
91352,23825.0,34.225,-118.37283
91354,14368.0,34.45056,-118.55161
91355,15425.0,34.40967,-118.56102000000001
91356,11447.0,34.16165,-118.54589
91360,20676.0,34.20931,-118.87515
91361,7777.0,34.14126,-118.83116
91362,19840.0,34.19546,-118.83046
91364,10771.0,34.15798,-118.60082
91367,20201.0,49.16888,18.49327
91377,3552.0,34.17958,-118.76841
91381,7694.0,34.38932,-118.58669
91384,8205.0,34.47906,-118.63415000000002
91387,20944.0,34.41971,-118.42754
91390,6183.0,34.49267,-118.43759
91401,16281.0,48.93372,18.12107
91402,32031.0,34.22363,-118.44415999999998
91403,8530.0,34.14868,-118.4621
91405,28187.0,34.20018,-118.44725
91406,25550.0,34.20071,-118.4931
91411,6437.0,34.17862,-118.45827000000001
91423,12496.0,34.14941,-118.43256
91436,6018.0,34.14988,-118.49016999999999
91501,6066.0,48.75785,17.83063
91502,1845.0,55.712650000000004,21.13442
91504,9238.0,34.20272,-118.32962
91505,12281.0,34.17128,-118.34532
91506,5114.0,34.17198,-118.32451000000002
91521,76.0,34.15753,-118.32597
91601,14202.0,48.78542,17.67492
91602,5357.0,34.15148,-118.36762000000002
91604,11678.0,34.14168,-118.39353
91605,26576.0,34.20852,-118.40251
91606,17475.0,34.18642,-118.38872
91607,10078.0,34.16659,-118.40008
91608,45.0,34.13949,-118.35425
91701,19927.0,48.38259,17.58828
91702,29785.0,48.36232,17.58419
91706,43946.0,34.08508,-117.96976
91708,4763.0,48.37259,17.56446
91709,50145.0,33.97177,-117.72426
91710,53779.0,34.01073,-117.68509
91711,12849.0,34.11461,-117.71868
91722,15996.0,34.09723,-117.90676
91723,5734.0,34.085040000000006,-117.88702
91724,10071.0,34.08771,-117.85785000000001
91730,39184.0,34.10815,-117.57696
91731,10751.0,48.37618,17.57733
91732,28625.0,34.0738,-118.01468
91733,19358.0,34.05265,-118.04641
91734,545.0,35.84301,-103.92069
91737,9144.0,34.14732,-117.57731
91739,20184.0,34.13342,-117.52517999999999
91740,9539.0,34.11858,-117.85488
91741,10241.0,34.14134,-117.85253
91744,47924.0,34.03064,-117.93803
91745,30538.0,33.9964,-117.96726000000001
91746,14215.0,34.04832,-117.98323
91748,24590.0,33.98089,-117.89641
91749,33.0,19.1701,-96.14878
91750,14732.0,34.12095,-117.76999
91752,20376.0,33.99472,-117.53151
91754,15378.0,48.36417,17.60274
91755,12171.0,34.05217,-118.11679
91761,44483.0,48.37134,17.58701
91762,36455.0,34.05698,-117.66137
91763,17565.0,34.0713,-117.69798
91764,27306.0,34.07569,-117.61824
91765,25509.0,34.00204,-117.81468
91766,37480.0,34.04184,-117.75801
91767,22469.0,34.08093,-117.73793
91768,12594.0,34.06746,-117.77793
91770,37573.0,34.06622,-118.08423
91773,14944.0,34.10024,-117.81677
91775,8411.0,48.36999,17.58812
91776,17574.0,34.08964,-118.09513
91780,16970.0,34.10132,-118.05496
91784,12489.0,34.13561,-117.65853
91786,26380.0,34.10503,-117.65816999999998
91789,23647.0,34.02068,-117.85921
91790,22398.0,34.06705,-117.93781
91791,15086.0,34.06232000000001,-117.89743
91792,11417.0,34.02175,-117.89854
91801,24212.0,48.38399,17.5671
91802,522.0,34.09346,-118.1286
91803,12434.0,34.0739,-118.14651
91901,5216.0,48.40709,17.4979
91902,5870.0,48.4398,17.42855
91905,13.0,48.52829,17.46416
91906,145.0,48.53593,17.53193
91910,46791.0,48.54251,17.3982
91911,55362.0,32.60995,-117.05121
91912,12.0,32.63783,-117.06934
91913,30240.0,32.62887,-116.98793999999998
91914,5575.0,32.66213,-116.95938
91915,14904.0,32.63312,-116.95437
91916,12.0,32.89319,-116.60889
91932,7491.0,48.30237,17.6437
91935,1344.0,48.34226,17.56848
91941,13234.0,32.75988,-117.00342
91942,17830.0,48.27823,17.55922
91945,10976.0,32.73222,-117.03431
91950,30082.0,32.67502,-117.08771
91963,13.0,32.61783,-116.60901
91977,33446.0,32.72429,-116.99714
91978,1777.0,32.73117,-116.95693
91980,379.0,32.58317,-116.62935
92003,210.0,48.42752,17.77115
92004,313.0,33.21793,-116.32602
92007,2299.0,33.02563,-117.27547
92008,12155.0,33.15398,-117.32702
92009,23683.0,33.09409,-117.24569
92010,5956.0,33.16247,-117.30001
92011,9698.0,55.72897,21.12539
92014,4142.0,32.95798,-117.25165
92018,373.0,48.42648,17.79657
92019,22352.0,32.77866,-116.90941
92020,30560.0,32.79489,-116.97243
92021,37063.0,24.922530000000002,67.08164
92024,29538.0,-9.52987,-77.52641000000001
92025,25027.0,33.10355,-117.06486999999998
92026,28238.0,33.17784,-117.10634
92027,30480.0,48.4232,17.81724
92028,30283.0,33.36631,-117.21363
92029,10115.0,33.09274,-117.11116
92036,127.0,33.03179,-116.54512
92037,18261.0,32.83891,-117.25754
92054,15353.0,33.1977,-117.35808
92055,166.0,48.39054,17.79773
92056,30086.0,48.35565,17.79218
92057,30130.0,33.24359,-117.29978000000001
92058,12503.0,33.22851,-117.35047
92059,43.0,33.37671,-117.07032
92064,28386.0,48.38952999999999,17.87319
92067,3932.0,33.01584,-117.19676
92069,25430.0,54.555369999999996,23.35003
92071,30921.0,32.84845,-116.98605
92072,12.0,32.83877,-116.99093
92075,2779.0,32.99409,-117.26069
92078,25472.0,33.12138,-117.19222999999998
92081,12128.0,33.16852,-117.24281
92082,9083.0,33.24844,-117.02148
92083,17377.0,33.19792,-117.24885
92084,25199.0,33.21268,-117.21906
92091,70.0,33.01705,-117.19773
92093,59.0,32.88184,-117.23611999999999
92100,17.0,55.72332,21.15885
92101,28909.0,48.592040000000004,17.82307
92102,16779.0,55.71905,21.15232
92103,12914.0,-17.76594,177.42805
92104,18821.0,32.74418,-117.12796
92105,35552.0,55.71782,21.15284
92106,4741.0,55.71653,21.14696
92107,9148.0,55.71433,21.14117
92108,9428.0,55.71381,21.14173
92109,18012.0,55.71317,21.14208
92110,10267.0,32.76616,-117.20073
92111,25813.0,55.71045999999999,21.13866
92112,23.0,55.71175,21.13701
92113,22641.0,55.7134,21.13765
92114,39279.0,55.712039999999995,21.13372
92115,22968.0,32.76049,-117.07026
92116,12081.0,32.76312,-117.12405
92117,26824.0,55.71009000000001,21.13044
92118,3261.0,55.71093,21.129
92120,13314.0,55.70904,21.12586
92121,1789.0,55.71325,21.12226
92122,15972.0,48.59335,17.82374
92123,16013.0,55.71582,21.12356
92126,44569.0,55.71298,21.12725
92127,25363.0,55.71173,21.12789
92128,26423.0,55.71257,21.1304
92129,29859.0,48.58722,17.84203
92130,35115.0,55.71489,21.12869
92136,13.0,55.71487,21.13248
92139,15635.0,55.71342,21.13661
92145,13.0,55.71476,21.14065
92154,64872.0,32.57432,-117.04815
92163,14.0,48.587,17.8368
92170,54.0,21.20839,-98.39716
92173,22987.0,32.55723,-117.04973
92178,22.0,32.693,-117.17981
92182,12.0,32.7744,-117.07292
92201,30645.0,48.62857999999999,17.76998
92202,26.0,48.61041,17.75376
92203,13314.0,48.62005,17.72292
92210,382.0,48.59619,17.75209
92211,11224.0,48.65018,17.66862
92220,13174.0,55.7229,21.129819999999995
92223,34621.0,55.72053,21.12707
92225,3428.0,55.71885,21.12806
92227,13901.0,55.71964,21.132449999999995
92230,796.0,55.71746,21.13576
92231,33497.0,48.53613,17.84293
92232,445.0,55.71808,21.12888
92233,309.0,55.71714,21.12883
92234,27643.0,55.71607,21.12763
92236,20680.0,55.71773,21.125979999999995
92240,15964.0,55.71768,21.12113
92241,831.0,48.51753,17.80113
92243,33768.0,55.71723999999999,21.12056
92249,2012.0,55.72056,21.11719
92250,2109.0,55.71942,21.11912
92251,12477.0,55.71969,21.12198
92252,260.0,55.71905999999999,21.12449
92253,16601.0,55.72017,21.1256
92254,3738.0,55.72075,21.12367
92256,11.0,55.72116,21.12045
92257,14.0,55.72081,21.1181
92260,11203.0,55.72334,21.12324
92262,8002.0,55.72286,21.116
92264,5332.0,55.7215,21.11429
92270,6489.0,33.77228,-116.42132
92273,12.0,55.78147,21.14772
92274,7849.0,55.7767,21.14278
92276,1722.0,55.72872,21.09444
92277,3316.0,55.7348,21.0914
92281,12.0,55.77024,21.09242
92283,11.0,55.78307,21.13693
92284,6784.0,55.78016,21.14317
92301,12706.0,55.730019999999996,21.13139
92307,18126.0,55.73138,21.13817
92308,18692.0,55.73148,21.14096
92310,65.0,55.72988999999999,21.14122
92311,9127.0,34.90757,-117.07664
92313,2631.0,34.03192,-117.31347000000001
92314,1479.0,55.737,21.14018
92315,803.0,55.73466,21.14325
92316,16084.0,55.73494,21.13987
92317,143.0,55.735549999999996,21.13621
92320,2496.0,55.7412,21.13888
92324,30342.0,55.74334,21.13299
92325,1700.0,55.74544,21.13832
92329,24.0,55.73869,21.1315
92331,72.0,55.75055,21.1269
92335,63976.0,55.76422999999999,21.133810000000004
92336,70970.0,55.77461,21.14991
92337,18876.0,55.75983,21.20818
92340,33.0,55.74731,21.13648
92342,246.0,55.74495,21.20132
92344,8226.0,55.76086,21.15252
92345,52234.0,55.76332,21.1517
92346,29487.0,55.75778,21.15871
92347,20.0,55.75521,21.15693
92352,580.0,55.74471,21.15496
92354,6777.0,55.75245,21.15231
92356,132.0,55.75102,21.15127
92359,1184.0,55.76785,21.15806
92363,26.0,34.7557,-114.58989
92366,50.0,35.45185,-115.4928
92368,19.0,55.80425,21.13462
92371,2622.0,55.869800000000005,21.11596
92372,94.0,55.87046,21.1117
92373,13578.0,55.8642,21.09688
92374,19062.0,34.06632,-117.16888
92376,49165.0,55.7772,21.18728
92377,8319.0,55.75938,21.18851
92382,583.0,55.81419999999999,21.1061
92386,13.0,55.7814,21.08494
92391,23.0,34.24171,-117.23242
92392,31478.0,34.48699,-117.37359
92394,13570.0,34.53817,-117.3454
92395,17329.0,34.49954,-117.29709
92397,457.0,34.36181,-117.63109
92398,14.0,55.76962,21.28309
92399,29532.0,55.78231000000001,21.33526
92402,17.0,55.76569,21.33434
92404,26546.0,55.7904,21.19859
92405,9964.0,55.79027000000001,21.19143
92407,33300.0,55.76376,21.23994
92408,4440.0,34.07817,-117.2739
92410,21169.0,34.10688,-117.29896
92411,9681.0,34.12232,-117.31836
92415,2856.0,34.1026,-117.27962
92501,6175.0,48.16843,17.73248
92503,54491.0,48.12194,17.75139
92504,31957.0,48.0825,17.69231
92505,23697.0,48.10457,17.68756
92506,22371.0,48.12659,17.65012
92507,26230.0,48.13683999999999,17.67401
92508,15877.0,48.15136,17.65882
92509,51201.0,48.17249,17.65781
92518,497.0,33.89572,-117.27487
92522,28.0,48.16392,17.57334
92530,31090.0,33.6683,-117.36057
92532,10674.0,48.24238,17.6895
92539,58.0,33.53511,-116.66567
92543,13444.0,33.73699,-116.9747
92544,21800.0,33.69907,-116.91696
92545,19031.0,48.24842,17.61775
92548,818.0,33.75087,-117.11378
92549,357.0,33.75122,-116.72338
92551,13176.0,48.28287,17.75753
92553,37813.0,48.27723000000001,17.82279
92555,21592.0,48.31743,17.76099
92557,25607.0,33.95769,-117.24894
92561,11.0,33.62021,-116.54554
92562,35957.0,48.24964000000001,17.78301
92563,40620.0,48.26879,17.750930000000004
92567,2180.0,33.80376,-117.12224
92570,33241.0,33.79353,-117.29009999999998
92571,30378.0,48.14833,17.93055
92572,57.0,48.09382,17.96367
92581,16.0,48.13451,17.84287
92582,6945.0,48.10475,17.84845
92583,11396.0,48.0721,17.88469
92584,33434.0,48.03289,17.94885
92585,10968.0,48.02016,17.96565
92586,7939.0,33.70692,-117.19776
92587,5083.0,33.68393,-117.25758000000002
92590,606.0,33.49018,-117.2065
92591,20002.0,48.16775,17.84408
92592,46160.0,48.18549,17.78638
92595,15597.0,33.6145,-117.26117
92596,15158.0,-17.7761,177.43331
92600,28.0,48.28656,17.73635
92602,14056.0,33.73073,-117.77223
92603,7474.0,33.63791,-117.8048
92604,10630.0,33.68866,-117.78799
92606,8801.0,33.6989,-117.80516
92610,3530.0,33.68509,-117.66201
92612,10858.0,33.66062,-117.82233
92613,21.0,-5.11376,120.24114
92614,13826.0,33.67854,-117.82337
92617,934.0,33.64015,-117.83881
92618,38946.0,33.66776,-117.743
92619,12.0,33.66807,-117.76586
92620,32450.0,33.71132,-117.76267
92624,629.0,33.45986,-117.66456
92625,3984.0,33.60186,-117.87127
92626,26123.0,33.67865,-117.91184
92627,30553.0,55.60618999999999,21.45504
92629,11281.0,33.47776,-117.70356
92630,40996.0,33.64375,-117.68796
92637,6145.0,33.60862,-117.72746
92646,31349.0,33.66817,-117.96832
92647,31041.0,33.72248,-118.00691
92648,24106.0,33.67929,-118.00433000000001
92649,16503.0,33.72041,-118.04384000000002
92651,10615.0,33.53638,-117.77078
92653,12675.0,33.59306,-117.69952
92655,1740.0,33.74477,-117.9846
92656,27293.0,33.58167,-117.73103
92657,4336.0,33.59502,-117.82936
92658,26.0,33.62208,-117.9142
92660,22600.0,33.63212,-117.87622
92661,90.0,33.60251,-117.8994
92662,62.0,33.60637,-117.89246
92663,6551.0,33.6206,-117.92551999999999
92667,11.0,33.5255,-117.71821
92672,16235.0,33.42763,-117.61173
92673,13620.0,33.46531,-117.61976
92675,17637.0,33.50426,-117.65850999999999
92677,39400.0,33.52857,-117.70337
92679,15733.0,33.64761,-117.59685
92683,55790.0,33.75179,-117.99380000000001
92688,23617.0,33.63418,-117.60636
92691,25983.0,33.61332,-117.66465
92692,26225.0,33.61163,-117.64234
92694,17311.0,33.55256,-117.64005
92697,32.0,33.6556,-117.85483
92701,20550.0,48.15119,17.87415
92703,31268.0,48.18713,17.92893
92704,45777.0,-17.56162,-149.59502
92705,25417.0,48.16585,17.89123
92706,13128.0,33.76241,-117.88154
92707,28782.0,33.71916,-117.8737
92708,35139.0,33.70988,-117.95266
92780,26766.0,33.73756,-117.81854
92782,12777.0,33.73852,-117.78756
92801,31442.0,33.84413,-117.95227000000001
92802,16724.0,33.80761,-117.92531
92804,44625.0,33.8198,-117.97622
92805,45533.0,33.83341,-117.90708
92806,22139.0,33.83837,-117.87458
92807,20612.0,33.84983,-117.79033
92808,7701.0,33.85699,-117.74251
92815,13.0,33.83276,-117.91556
92821,21650.0,33.92483,-117.89299
92823,467.0,33.91872,-117.83982
92831,12163.0,33.88033,-117.8951
92832,7683.0,33.86788,-117.92979999999999
92833,26335.0,33.877,-117.96151999999998
92835,9309.0,33.90164,-117.91160000000002
92840,28417.0,33.78581,-117.93239
92841,16075.0,33.78756,-117.97563
92843,22748.0,33.76401,-117.93246
92844,9842.0,33.76841,-117.97100000000002
92845,4818.0,22.46347,120.445
92860,10066.0,33.92459,-117.5528
92861,499.0,33.81793,-117.81012
92863,289.0,33.8057,-117.83543000000002
92865,8208.0,33.82729,-117.8481
92866,3069.0,33.78699,-117.8436
92867,22033.0,33.81339,-117.82587
92868,12081.0,33.78941,-117.87043
92869,16780.0,33.79216,-117.79956999999999
92870,27027.0,33.88219,-117.85650999999999
92878,6548.0,33.88123,-117.57527
92879,23939.0,33.88932,-117.54657
92880,32139.0,33.95966,-117.58418
92881,13676.0,33.83773,-117.54651
92882,38947.0,33.86274,-117.5946
92883,17842.0,33.77185,-117.48380999999999
92886,28383.0,33.89034,-117.80422
92887,8241.0,33.88156,-117.74135000000001
93001,13040.0,48.01079,17.57757
93002,13.0,48.01772,17.5354
93003,26908.0,47.97121,17.57219
93004,13602.0,47.90575,17.52521
93007,12.0,47.80002,17.66252
93010,22343.0,47.93471,17.71168
93011,14.0,47.96737,17.78624
93012,18073.0,47.99194,17.70026
93013,4420.0,47.98991,17.75056
93015,6496.0,34.3996,-118.91521
93021,18497.0,48.04951,17.70584
93022,360.0,34.4021,-119.29837000000002
93023,6008.0,34.46088,-119.26109999999998
93030,30010.0,47.99618999999999,17.40928
93031,151.0,47.98306,17.36277
93033,46494.0,47.94893,17.45507
93034,12.0,47.99206,17.47905
93035,10178.0,48.02429,17.51493
93036,22061.0,48.03862,17.49648
93041,5355.0,48.0646,17.35597
93060,14921.0,34.35673,-119.07579
93063,32789.0,34.27949,-118.69851
93065,48067.0,34.26408,-118.77056
93066,24.0,34.27989,-119.01415
93101,10410.0,48.02628,17.31405
93102,32.0,55.54562,21.12097
93103,5446.0,55.53957,21.11743
93105,8694.0,55.62433,21.13157
93106,24.0,34.42477,-119.86007
93108,2651.0,34.43515,-119.63359
93109,1458.0,34.4038,-119.72105
93110,4140.0,34.44009,-119.76675
93111,5859.0,34.44387,-119.804
93117,16837.0,34.44191,-119.88333
93140,12.0,34.42,-119.68
93202,221.0,55.68097,21.15905
93203,6085.0,35.16591,-118.85877
93204,1813.0,55.67897,21.1531
93206,57.0,55.67951,21.15242
93210,3153.0,55.95587,24.58461
93212,3967.0,55.68182,21.15114
93215,20314.0,55.68286,21.15238
93216,39.0,55.67869,21.15647
93219,2079.0,55.68436,21.15873
93221,3998.0,55.68466,21.15388
93222,14.0,55.68501,21.15581
93223,2588.0,55.68457,21.15843
93224,80.0,55.68484,21.15059
93225,145.0,55.68735,21.15551
93227,42.0,36.27834,-119.42885
93230,37322.0,36.33481,-119.64977999999999
93234,735.0,55.68696,21.14581
93235,219.0,55.68969,21.14859
93240,98.0,55.682219999999994,21.14765
93241,3646.0,55.6808,21.14865
93242,24.0,55.67997,21.14831
93245,12811.0,55.67908,21.15123
93247,5496.0,55.67718,21.1479
93249,53.0,55.67848999999999,21.14671
93250,4184.0,55.67676000000001,21.14789
93251,15.0,55.67657,21.14886
93252,11.0,55.67552,21.14949
93256,723.0,55.6774,21.14956
93257,40474.0,55.67754000000001,21.14975
93258,39.0,55.67732,21.15071
93261,36.0,35.79857,-119.11055
93263,8693.0,55.66584999999999,21.15572
93265,24.0,36.15427,-118.75888
93267,534.0,55.660940000000004,21.16194
93268,3626.0,55.66014,21.16247
93270,640.0,55.64937,21.15932
93271,12.0,36.44165,-118.86005
93272,168.0,55.67496,21.16384
93274,42856.0,36.20422,-119.3415
93276,14.0,35.27893,-119.34989
93277,22946.0,55.66934,21.14862
93279,25.0,55.68387,21.1778
93280,7535.0,35.59692,-119.35463
93286,1725.0,36.42628,-119.10027
93290,11.0,55.67219,21.1581
93291,31579.0,36.34642,-119.33229
93292,20724.0,36.33522,-119.25689000000001
93301,4060.0,47.86465,17.75904
93303,43.0,35.21,-119.09
93304,17245.0,35.33839,-119.02051
93305,8806.0,35.38634,-118.98308
93306,34275.0,35.39251,-118.92045000000002
93307,43518.0,35.32213,-118.98254
93308,25794.0,35.43426,-119.02201
93309,25083.0,35.33935,-119.06298
93311,28146.0,35.31958,-119.11453
93312,29550.0,35.39452,-119.12032
93313,34096.0,35.28755,-119.05666
93314,17820.0,35.38265,-119.16359
93380,228.0,35.63727,-119.07595
93384,25.0,35.37,-119.02004
93390,12.0,20.51159,-97.43512
93401,12789.0,48.21463,18.61104
93402,4061.0,35.31582,-120.8347
93408,12.0,35.28431,-120.66373
93420,14136.0,35.1197,-120.56278000000002
93422,14872.0,35.47865,-120.67166
93427,595.0,34.61475,-120.20196
93428,590.0,35.56429,-121.08274
93430,13.0,35.44748,-120.88763
93433,2189.0,35.12021,-120.61828
93434,1191.0,34.96211,-120.57747
93436,26115.0,34.65766,-120.45133999999999
93437,11.0,34.74186,-120.5245
93442,2045.0,35.37936,-120.84815
93444,8872.0,35.03328,-120.50263000000001
93445,294.0,35.10376,-120.60915
93446,25632.0,35.63679,-120.69933000000002
93447,72.0,48.21627,18.61909
93449,1009.0,35.14748,-120.64847
93451,107.0,35.79038,-120.62892000000001
93452,16.0,35.666,-121.20674
93454,19128.0,34.95752,-120.405
93455,23992.0,34.88639,-120.42996
93456,53.0,34.95989,-120.38964
93457,50.0,34.91,-120.4211
93458,31151.0,34.95601,-120.44174
93460,465.0,34.63684,-120.07182
93463,848.0,34.6038,-120.13356
93465,1940.0,35.54659,-120.70396999999998
93501,73.0,35.02948,-118.18675
93505,1368.0,48.35745,18.72485
93510,703.0,34.48966,-118.19475
93514,5735.0,37.37575,-118.44492
93515,30.0,37.47075,-118.35187
93532,11.0,48.20551,18.51521
93534,12575.0,48.21007000000001,18.44975
93535,37188.0,48.18413999999999,18.38554
93536,37543.0,48.141420000000004,18.40144
93543,3478.0,34.52272,-117.95322000000002
93546,2508.0,37.63797,-118.96955
93550,39570.0,34.56157,-118.09083
93551,29534.0,48.13632,18.51414
93552,19328.0,48.10561,18.63401
93553,11.0,34.4714,-117.89719
93555,12764.0,48.1149,18.70587
93560,6031.0,34.86241,-118.21677
93561,13430.0,48.00511,18.65843
93591,610.0,34.59707,-117.82639000000002
93599,14.0,34.56594,-117.74917
93601,11.0,48.07128,18.95202
93602,71.0,37.07764,-119.45013999999999
93609,550.0,36.5333,-119.84099
93610,4828.0,37.10064,-120.2745
93611,23943.0,36.82171,-119.68103999999998
93612,12371.0,36.81356,-119.71139000000001
93614,2346.0,37.22147,-119.72427
93615,558.0,36.51651,-119.28613000000001
93616,12.0,36.65714,-119.59524
93618,12647.0,36.53861,-119.39082999999998
93619,28069.0,36.84638,-119.65710000000001
93620,2115.0,37.01334,-120.62967999999998
93622,2469.0,36.84136,-120.50637000000002
93625,1850.0,36.62725,-119.67634000000001
93626,31.0,37.04085,-119.67277
93630,7780.0,36.73285,-120.0741
93631,5467.0,36.5091,-119.54626
93635,25427.0,37.05787,-120.85644
93636,5977.0,36.9626,-119.88425999999998
93637,18452.0,36.94623,-120.09414999999998
93638,22780.0,36.98854,-120.04856999999998
93640,4249.0,36.74722,-120.39632999999999
93643,56.0,37.23042,-119.5078
93644,1644.0,37.34361,-119.63183
93646,2440.0,36.6268,-119.31308
93647,2646.0,36.55374,-119.25963
93648,4552.0,36.61116,-119.53813999999998
93650,94.0,36.84083,-119.80124
93654,12339.0,36.61332,-119.43349
93656,731.0,36.43712,-119.88911
93657,16664.0,36.73885,-119.51809
93660,248.0,36.60465,-120.18586999999998
93662,13062.0,36.57277,-119.61749
93667,11.0,36.98628,-119.40322
93675,11.0,36.71084,-119.17687
93701,1212.0,48.05299,18.65594
93702,17226.0,36.74013,-119.75506
93703,10157.0,36.76917,-119.76272000000002
93704,7944.0,36.79726,-119.80143999999999
93705,11287.0,36.78692,-119.82785
93706,17239.0,36.70188,-119.82334
93710,8300.0,36.82588,-119.76385
93711,17528.0,36.83099,-119.83317999999998
93720,21985.0,36.86072,-119.75586000000001
93721,976.0,36.73433,-119.78503
93722,48272.0,36.80566,-119.87766
93723,4552.0,36.79945,-119.92502999999999
93725,11749.0,36.67955,-119.73938
93726,13463.0,36.79412,-119.7643
93727,45503.0,36.74938,-119.69801999999999
93728,2561.0,36.7581,-119.81108
93729,12.0,36.85187,-119.7712
93730,3526.0,36.89012,-119.75606
93737,903.0,36.76826,-119.65210000000002
93740,15.0,36.81215,-119.74597
93794,28.0,64.46641,20.591
93901,10516.0,36.66688,-121.65839
93905,35233.0,36.68351,-121.61366
93906,32647.0,36.71039,-121.63803
93907,9208.0,36.76224,-121.66769000000001
93908,3344.0,36.59007,-121.67389
93912,234.0,36.71257,-121.6756
93921,15.0,36.55154,-121.92107
93923,2263.0,36.51349,-121.86686999999999
93924,536.0,36.46803,-121.70771999999998
93926,1940.0,36.51217,-121.43697
93927,6590.0,36.30844,-121.2755
93930,4979.0,36.19546,-121.11906999999998
93933,8180.0,36.67645,-121.78887999999999
93940,10086.0,36.58883000000001,-121.87460000000002
93950,2913.0,36.61741,-121.92312999999999
93953,207.0,36.58914,-121.94299
93955,11960.0,36.61689,-121.83121
93960,6927.0,36.42896,-121.32242
94002,10772.0,47.98652,18.15969
94005,189.0,37.68571,-122.40437000000001
94010,22554.0,37.57408,-122.36151
94014,19406.0,37.69727,-122.45144
94015,29741.0,37.6816,-122.47881000000001
94018,51.0,37.50218,-122.32306
94019,3972.0,37.45036,-122.42351
94022,8050.0,37.38282,-122.12145000000001
94024,9982.0,37.3539,-122.08681
94025,19525.0,37.45163,-122.18239
94027,1357.0,37.52529,-122.29692
94028,1087.0,37.37236,-122.20862000000001
94030,8115.0,37.6011,-122.40175
94037,68.0,47.98628,18.16476
94038,11.0,37.59983,-122.39944
94040,14391.0,37.3891,-122.09534
94041,3374.0,47.985580000000006,18.15865
94043,13106.0,37.40803,-122.08364
94044,16749.0,37.6171,-122.48744
94061,14513.0,47.9887,18.16678
94062,10756.0,47.98791,18.16124
94063,16007.0,47.99695,18.15845
94065,3504.0,37.53533,-122.24632999999999
94066,20295.0,48.00551,18.1808
94070,14808.0,37.49917,-122.26751000000002
94080,69059.0,48.00318,18.15609
94085,9006.0,37.38876,-122.01546
94086,21800.0,37.37114,-122.02426
94087,27564.0,37.35154,-122.0361
94089,8126.0,37.4013,-122.00469
94102,1705.0,48.11435,18.17919
94103,4140.0,48.10641,18.23863
94104,1054.0,48.13549,18.23785
94105,1774.0,48.15723,18.22607
94107,8340.0,48.181,18.15404
94108,40.0,48.13917,18.08056
94109,8884.0,48.12859,18.0282
94110,17958.0,48.09497,18.06154
94111,159.0,48.04321,18.0714
94112,31639.0,55.68843,21.15892
94114,7846.0,55.68394,21.16276
94115,6793.0,55.68608,21.16288
94116,16009.0,55.68629,21.16158
94117,8136.0,55.68552,21.16396
94118,9569.0,55.68476,21.16399
94121,11650.0,47.94973,18.0228
94122,19394.0,47.98357,17.99583
94123,5829.0,47.99432000000001,18.10653
94124,18529.0,55.68697,21.1653
94127,4523.0,55.68841,21.17264
94128,62.0,55.68929,21.17333
94129,133.0,55.68785,21.17468
94131,7317.0,47.99206000000001,18.26756
94132,5967.0,48.00912,18.35161
94133,2854.0,48.01694,18.41504
94134,14821.0,47.98968,18.39906
94143,14.0,48.08012,18.25202
94158,442.0,55.68386,21.16363
94240,14.0,55.67191,21.17788
94244,593.0,48.66656,18.55025
94283,13.0,55.66261,21.1812
94301,3775.0,47.7965,18.71062
94303,21555.0,47.78397,18.70168
94304,433.0,47.77915,18.64455
94305,453.0,48.201130000000006,18.6072
94306,9830.0,37.41786,-122.12996
94402,10486.0,37.54853,-122.32656
94403,20400.0,37.53746,-122.30208
94404,16866.0,37.55287,-122.26933
94501,26550.0,47.76973999999999,18.12006
94502,3653.0,37.73799,-122.24512
94503,8350.0,38.17894,-122.24308
94505,3651.0,47.76015,18.12112
94506,11647.0,37.80556,-121.9132
94507,5368.0,37.85564,-122.01425999999998
94509,33224.0,37.99159,-121.80237000000001
94510,12379.0,38.07075,-122.15765
94511,11.0,38.02342,-121.63342
94513,39604.0,37.92984,-121.71059
94515,374.0,38.59679,-122.59098
94517,2770.0,37.92823,-121.91665
94518,9422.0,37.95135,-122.02113
94519,5105.0,37.97858,-122.01343
94520,17588.0,37.97753,-122.03279
94521,19489.0,37.95628,-121.97643
94523,14469.0,47.759029999999996,18.12486
94524,13.0,37.98003,-122.05956
94525,12.0,47.76295,18.09902
94526,16382.0,37.81317,-121.98350000000002
94530,8898.0,37.91852,-122.30331
94531,22681.0,37.96942,-121.77127000000002
94533,43325.0,47.75723,18.12749
94534,22805.0,38.24065,-122.1083
94536,35584.0,37.56202,-122.0002
94538,40194.0,37.52458,-121.96935
94539,31349.0,37.51595,-121.92793
94541,32673.0,37.67308,-122.08854
94542,2682.0,37.65699,-122.04013
94544,43924.0,37.63561,-122.06628
94545,16821.0,37.63446,-122.10512
94546,21086.0,37.70312,-122.07894
94547,10478.0,38.00807,-122.26467
94549,12410.0,37.89564,-122.11411
94550,26954.0,47.76369,18.12536
94551,22208.0,37.70584,-121.76319
94552,4348.0,47.76100000000001,18.12579
94553,26904.0,37.99274,-122.11472
94555,15505.0,37.57223,-122.04897
94556,4070.0,37.84119,-122.12537
94558,40303.0,38.34774,-122.29813
94559,10081.0,38.29223,-122.28747
94560,24612.0,37.53578,-122.03218
94561,22914.0,37.98956,-121.70753
94563,7430.0,37.881330000000005,-122.17733999999999
94564,5835.0,37.99571,-122.28845
94565,58283.0,38.01284,-121.90375
94566,22930.0,37.66385,-121.87230000000001
94568,35392.0,37.71417,-121.90312
94571,1857.0,38.16574,-121.7101
94572,1239.0,38.02856,-122.25699
94574,884.0,38.52415,-122.41279
94577,23925.0,37.72051,-122.16004999999998
94578,14954.0,37.70399,-122.12923
94579,8433.0,37.68797,-122.1537
94580,11731.0,37.67782,-122.13174
94582,23642.0,37.76744,-121.92193
94583,19618.0,37.75388,-121.95829
94585,11237.0,38.24511,-122.00421
94587,39084.0,37.59067,-122.04496
94588,15737.0,37.6933,-121.89740000000002
94589,11996.0,38.14288,-122.24675000000002
94590,13252.0,38.10541,-122.24746
94591,29231.0,38.10559,-122.20999999999998
94595,5308.0,37.87448,-122.06995
94596,7434.0,37.89118,-122.04505999999999
94597,7265.0,37.9196,-122.07068
94598,10969.0,37.91737,-122.02338999999999
94601,18004.0,47.82095,18.03574
94602,9420.0,47.82006,17.98452
94603,12348.0,47.91558,17.99302
94604,27.0,37.81614,-122.25803
94605,14598.0,37.77813,-122.16932
94606,10785.0,37.82177,-122.25719000000001
94607,5022.0,37.82957,-122.29094999999998
94608,7394.0,37.85093,-122.28336
94609,4651.0,37.84808,-122.26951
94610,8755.0,37.82759,-122.24662
94611,16227.0,37.84696,-122.22114
94612,3766.0,47.77128,17.97257
94618,3892.0,37.85505,-122.24510999999998
94619,7065.0,47.77009,17.77077
94621,11764.0,47.75973,17.8826
94623,121.0,48.74019,2.34735
94702,3356.0,37.86571,-122.28607
94703,3850.0,47.88661,18.2045
94704,874.0,37.86672,-122.26049
94705,2479.0,37.85743,-122.24790000000002
94706,5085.0,37.89038,-122.29538
94707,3195.0,37.89377,-122.27695
94708,2446.0,37.89169,-122.25968
94709,785.0,37.87909,-122.26735000000001
94710,661.0,37.86768,-122.29713
94801,11888.0,48.10929,18.33895
94802,104.0,37.99966,-122.35305999999999
94803,9242.0,37.97005,-122.29197
94804,18564.0,37.92511,-122.33656
94805,3323.0,37.94137,-122.32461999999998
94806,30712.0,37.9714,-122.33826000000002
94901,21124.0,48.31728,18.08324
94903,12752.0,38.01293,-122.54498
94904,2430.0,48.32727,18.04524
94920,3272.0,31.57996,74.39851
94923,12.0,38.33685,-123.04589
94925,1541.0,37.92279,-122.51610999999998
94928,24750.0,38.3464,-122.69526
94930,1228.0,37.98823,-122.59755
94931,1099.0,38.32706000000001,-122.70441
94939,723.0,37.93718,-122.53376
94941,13417.0,37.89957,-122.53992
94945,5728.0,38.11466,-122.56735999999998
94947,9451.0,38.09737,-122.58743
94949,5428.0,38.06254,-122.53930000000001
94951,89.0,38.30917,-122.66138
94952,15529.0,48.30949,18.08646
94954,19012.0,38.25244,-122.62098999999999
94955,43.0,38.23002,-122.64005000000002
94957,60.0,37.96412,-122.56004
94960,3638.0,37.98449,-122.57086
94965,1562.0,37.85818,-122.49902999999999
95002,23.0,22.74924,121.14596
95003,9368.0,36.97782,-121.89146000000001
95004,61.0,36.88008,-121.63989
95005,571.0,37.08654,-122.08655
95006,1294.0,55.66738,21.19571
95008,23543.0,48.30061,18.08886
95010,1613.0,36.97611,-121.95502
95012,2906.0,36.76844,-121.75015
95014,31754.0,-9.15455,-78.50004
95018,1138.0,37.06246,-122.06397000000001
95019,1031.0,36.93643,-121.77843
95020,39197.0,37.01892,-121.58048
95023,35933.0,22.76895,121.1353
95030,3299.0,37.22285,-121.98091
95032,11177.0,37.23972,-121.95374
95035,47078.0,37.4345,-121.89426
95037,30033.0,37.12913,-121.65102
95045,76.0,-6.77119,39.27294
95046,532.0,37.0894,-121.59957
95050,15658.0,48.31095,18.09395
95051,31061.0,22.75965,121.14401
95054,10048.0,22.75236,121.14401
95060,18393.0,22.7635,121.09199
95062,15337.0,22.76613,121.08022
95064,16.0,36.99002,-122.05666
95065,1171.0,37.01596,-121.98530999999998
95066,4196.0,37.06211,-122.01544
95070,17265.0,37.27051,-122.0223
95073,2400.0,37.01232,-121.95041
95076,50689.0,36.94015,-121.77286
95106,227.0,48.18765,18.20659
95110,5453.0,37.33521,-121.897
95111,31461.0,37.28098,-121.82394999999998
95112,27225.0,48.24061999999999,18.1188
95113,131.0,48.21423,18.14323
95116,22653.0,48.22487,18.05533
95117,10063.0,48.24464,18.02192
95118,12676.0,55.67435,21.19149
95119,2087.0,55.67277,21.19167
95120,19912.0,55.67298000000001,21.18908
95121,18763.0,48.368249999999996,17.89507
95122,28640.0,48.36428,17.94741
95123,35708.0,48.395450000000004,17.93684
95124,23989.0,48.41626,17.97309
95125,26338.0,48.44667,18.02554
95126,13731.0,48.42121,18.0223
95127,34078.0,55.67622999999999,21.18776
95128,12271.0,55.67589,21.18734
95129,18768.0,55.67538,21.18473
95130,2661.0,55.67256,21.18687
95131,15956.0,48.22613,17.93059
95132,20572.0,48.24429,17.91541
95133,13149.0,48.25488,17.86899
95134,11418.0,48.30761,17.8724
95135,8002.0,48.3073,17.93858
95136,22927.0,48.31322,17.99016
95138,6375.0,55.66851,21.18849
95139,526.0,55.66816,21.188519999999997
95148,25643.0,48.2776,17.9598
95201,32.0,48.2432,18.30974
95202,620.0,55.67016,21.19701
95203,2773.0,55.66783,21.19622
95204,8885.0,55.66877999999999,21.19843
95205,17060.0,55.66822,21.199009999999998
95206,37609.0,55.66898,21.199940000000005
95207,17649.0,55.66743,21.19962
95208,26.0,55.66763,21.20085
95209,19637.0,55.66684,21.19986
95210,14390.0,38.02513,-121.29826
95212,12780.0,55.66618,21.19774
95213,58.0,55.666,21.19867
95215,9802.0,55.66602,21.19661
95219,10787.0,55.66445,21.19675
95220,584.0,55.66372,21.19577
95222,149.0,55.6636,21.19832
95223,576.0,55.66285,21.198619999999995
95228,283.0,55.6624,21.19657
95231,157.0,55.661289999999994,21.1978
95236,489.0,55.663180000000004,21.20291
95237,68.0,55.66279999999999,21.20421
95240,21951.0,55.664590000000004,21.20173
95241,88.0,55.6662,21.20431
95242,11637.0,55.66657,21.20205
95247,232.0,55.66812,21.20197
95249,86.0,55.66906,21.20031
95252,6240.0,55.67021,21.20009
95255,11.0,55.65595,21.17291
95258,91.0,38.15741,-121.30825
95301,17761.0,48.38181,18.39223
95304,3952.0,48.38505,18.38825
95306,11.0,37.43054,-120.08654
95307,22874.0,37.58453,-120.95074
95315,3544.0,37.42415,-120.77417999999999
95316,516.0,37.54001999999999,-120.78342
95320,3417.0,48.38553,18.39979
95321,214.0,37.84458,-120.19686
95324,772.0,37.394,-120.87273
95326,1986.0,37.59242,-120.86079
95327,392.0,37.90652,-120.44818
95328,267.0,37.61255,-120.91842
95329,37.0,37.67659,-120.38412
95330,15559.0,48.38191,18.39856
95333,11.0,37.24444,-120.25342
95334,5592.0,37.37642,-120.73145
95336,24878.0,37.81332,-121.21616
95337,27022.0,37.7779,-121.22842
95338,3418.0,37.4762,-119.91815
95340,12603.0,37.30649,-120.46701
95341,12741.0,37.28062,-120.47419
95348,11837.0,37.33144,-120.49716
95350,22482.0,37.67221,-121.00596
95351,21116.0,37.625130000000006,-120.99904
95352,17.0,50.17186,11.63286
95353,120.0,37.64747,-121.01021
95354,7682.0,37.6413,-120.97509
95355,29139.0,37.67176,-120.94971
95356,15152.0,37.70343,-121.02279
95357,2615.0,37.66605,-120.90778000000002
95358,15041.0,37.62478,-121.06014
95360,3300.0,37.31714,-121.03748
95361,16368.0,37.77858,-120.81364
95363,11946.0,37.47051,-121.15156
95365,364.0,55.65438,21.19276
95366,6118.0,55.65004,21.22834
95367,8632.0,55.64424999999999,21.17652
95368,3806.0,37.70891,-121.08678
95370,14616.0,37.98645,-120.35184
95372,22.0,37.99337,-120.26228
95376,27495.0,37.73273,-121.43734
95377,19953.0,37.72251,-121.45489999999998
95379,101.0,37.97291,-120.23739
95380,18764.0,37.48372,-120.84544000000001
95381,12.0,37.47713,-120.8601
95382,15458.0,37.51851,-120.84756
95383,584.0,38.05533,-120.23166
95386,1805.0,37.64689,-120.73953000000002
95388,3375.0,37.41594,-120.58317
95391,8884.0,37.77521,-121.54730999999998
95401,15762.0,55.62569,21.2306
95403,22300.0,38.46891,-122.74507
95404,16829.0,38.44674,-122.70245999999999
95405,6749.0,55.685649999999995,21.38485
95407,21335.0,55.68813000000001,21.3876
95409,10189.0,55.6431,21.29584
95418,64.0,39.25283,-123.18555999999998
95421,12.0,38.5535,-123.15373
95422,3439.0,38.96066,-122.64194
95423,35.0,39.03316,-122.63025
95425,2979.0,38.80796,-123.03706
95428,46.0,39.8282,-123.18269
95436,507.0,38.48993,-122.90953
95437,4256.0,39.43789,-123.75905999999999
95441,53.0,48.34656,18.02921
95445,73.0,38.81801,-123.54965999999999
95448,6819.0,38.61741,-122.87364999999998
95451,2850.0,38.95263,-122.80399999999999
95453,2383.0,39.05423,-122.92190999999998
95454,89.0,39.77349,-123.51761000000002
95457,89.0,38.88627,-122.56305
95458,22.0,39.09613,-122.78048
95460,94.0,39.31398,-123.77203
95461,94.0,38.77796,-122.63691
95465,34.0,38.40815,-122.98914
95467,326.0,38.81474,-122.58673000000002
95469,23.0,39.37768,-123.05338
95470,969.0,39.28977,-123.22166000000001
95472,12419.0,38.39528000000001,-122.84949
95476,14409.0,38.2906,-122.46740000000001
95482,15179.0,39.1449,-123.22888
95485,12.0,39.22947,-122.93074
95490,4367.0,39.45324,-123.37597000000001
95492,11142.0,38.54617,-122.80707
95501,6249.0,48.56726,18.16485
95503,8284.0,48.55268,18.17545
95519,5506.0,40.94534,-124.08877
95521,4686.0,40.87401,-124.06948
95524,22.0,40.82885,-124.04959
95531,5791.0,41.79381,-124.17663999999999
95536,85.0,40.53934,-124.26433
95540,3504.0,40.57916,-124.13832
95542,108.0,40.08784,-123.78442
95546,63.0,41.12414,-123.70805
95550,11.0,40.80436,-123.87874
95560,117.0,40.13402,-123.85884
95562,49.0,40.49354,-124.11206
95570,36.0,41.09616,-124.13183
95589,23.0,40.07547,-123.98185
95602,6157.0,48.53453,18.09804
95603,12449.0,48.52494,18.05671
95604,75.0,48.10218,17.68868
95605,6854.0,48.54441,17.93832
95608,30001.0,48.49378,18.04265
95610,19739.0,38.69577,-121.27018000000001
95614,117.0,48.46885,18.14743
95616,21289.0,48.5176,18.17307
95618,10797.0,48.57997,18.24891
95619,158.0,48.54308,18.25249
95620,9855.0,38.44187,-121.82289
95621,18234.0,48.5914,18.13514
95623,121.0,38.61629,-120.83802999999999
95624,39858.0,48.57514,18.09794
95626,147.0,38.72543,-121.44918
95627,121.0,38.71220999999999,-122.03875000000001
95628,20578.0,38.65593,-121.26095
95630,46968.0,38.67175,-121.14826
95631,716.0,48.59233,18.20741
95632,14570.0,48.62151,18.24913
95633,38.0,48.60872,18.27336
95634,46.0,48.64765,18.2776
95640,1764.0,38.33531,-120.93336
95642,925.0,48.76672,18.34453
95648,33025.0,38.88351,-121.28753
95650,3997.0,38.81633,-121.17445000000001
95651,33.0,23.04802,121.16066
95652,1791.0,48.8105,18.23615
95655,411.0,48.70763,18.2209
95658,802.0,38.87625,-121.1465
95660,12389.0,38.68101,-121.37418
95661,15138.0,23.04939,121.16371
95662,13920.0,23.04564,121.16366
95663,37.0,38.85384,-121.17811
95665,242.0,38.40294,-120.65796
95666,865.0,38.47205,-120.51934
95667,21038.0,23.69117,89.77016
95668,215.0,38.82263,-121.49476
95669,46.0,38.48797,-120.87246
95670,29490.0,38.60307,-121.28156999999999
95672,148.0,38.72595,-120.98281000000001
95673,3945.0,38.68917,-121.4547
95677,12179.0,38.78999,-121.235
95678,20323.0,55.927040000000005,23.32416
95682,14471.0,38.6348,-120.94963
95683,573.0,38.49882,-121.08501
95684,24.0,38.60689,-120.64227
95685,159.0,38.41712,-120.75869
95687,35160.0,38.34417,-121.95551
95688,20155.0,38.38464,-121.99167
95690,11.0,38.23841,-121.57095
95691,18585.0,38.55875,-121.54687000000001
95692,74.0,39.03241,-121.4081
95693,716.0,38.40775,-121.22423000000002
95694,2177.0,38.52435,-121.9773
95695,16372.0,38.67659,-121.79208
95709,323.0,38.74491,-120.67839999999998
95713,1082.0,39.08262,-120.95072
95722,326.0,39.0032,-121.02844
95726,1804.0,38.74741,-120.57459000000001
95742,7659.0,38.55843,-121.22606
95746,9140.0,38.74682,-121.18168
95747,51936.0,38.776,-121.34671
95757,29656.0,38.39407,-121.42971
95758,34770.0,38.42141,-121.43785
95762,29227.0,38.68545999999999,-121.0657
95763,26.0,18.4251,-95.1898
95765,20922.0,38.81741,-121.26595
95776,12143.0,38.668780000000005,-121.74595
95800,26.0,1.10985,111.71365
95811,3306.0,38.57015,-121.48651
95812,131.0,18.38498,-95.21691
95814,3017.0,38.57997,-121.49225
95815,6320.0,38.61182999999999,-121.44388
95816,14398.0,38.57226,-121.46685
95817,1810.0,38.55001,-121.458
95818,6099.0,38.55335,-121.4932
95819,4764.0,38.56992,-121.44051
95820,12432.0,38.53477,-121.44476
95821,13122.0,38.62272,-121.39094
95822,19596.0,38.51161,-121.49508000000002
95823,36983.0,38.47346,-121.44272
95824,10005.0,38.51813,-121.43957
95825,9582.0,38.58663,-121.40703
95826,14821.0,38.55234,-121.37415
95827,8528.0,38.56156,-121.33599999999998
95828,36378.0,38.48078,-121.39945
95829,15931.0,38.46945,-121.34468
95831,18890.0,38.49488,-121.53009
95832,1876.0,38.47308,-121.48811
95833,14826.0,38.61686,-121.50254
95834,19079.0,38.64057,-121.51829000000001
95835,18782.0,38.67158,-121.51845
95837,68.0,38.68678,-121.59801
95838,16225.0,38.641529999999996,-121.44446999999998
95841,4695.0,48.59802,18.43198
95842,10871.0,48.60875,18.34242
95843,22592.0,48.59391,18.29567
95851,120.0,18.1535,-95.18187
95852,25.0,48.62274,18.29931
95864,8261.0,38.58351,-121.3803
95901,13340.0,22.86087,121.20193
95912,580.0,38.99645,-122.06412
95917,66.0,39.41619,-121.69478999999998
95923,23.0,40.16794,-121.07034
95926,11668.0,39.74469,-121.84827
95927,80.0,39.42026,-121.93057
95928,12937.0,39.73096,-121.80561
95932,1152.0,39.24022,-122.01155999999999
95938,99.0,39.63895,-121.78676
95943,11.0,39.58279,-122.0287
95945,10413.0,39.19557,-121.00538999999999
95946,1828.0,39.21682,-121.20248
95948,2458.0,39.35724,-121.69516999999999
95949,8441.0,39.11521,-121.08942
95951,41.0,39.73483,-122.0173
95953,2471.0,39.25599,-121.68609
95954,724.0,39.84615,-121.59526999999999
95959,7614.0,39.30184,-120.99253
95961,12022.0,39.0647,-121.55256
95963,5710.0,39.74672,-122.21650999999999
95965,6286.0,39.54763,-121.57414
95966,11980.0,39.49258,-121.47669
95969,1895.0,39.75655,-121.60594
95971,930.0,39.94831,-120.92233999999999
95973,17935.0,39.78323,-121.86424999999998
95982,84.0,39.16742,-121.77586000000001
95987,773.0,39.1383,-122.24011
95988,1032.0,39.52163,-122.22052
95991,18207.0,39.11182,-121.62115
96001,13814.0,48.573049999999995,19.13654
96002,13700.0,48.5758,19.17105
96003,20853.0,48.57881,19.15117
96007,8514.0,48.56124,19.1485
96013,68.0,40.9138,-121.65802
96019,1126.0,40.67611,-122.37166
96020,25.0,55.58734,21.39586
96021,5127.0,39.93249,-122.24512
96022,5190.0,40.35824,-122.34922999999999
96027,56.0,41.43622,-122.92331
96032,75.0,41.62319,-122.89779
96039,13.0,41.76082,-123.40836
96041,11.0,40.53559,-123.1682
96049,170.0,41.66469,-123.24092999999999
96055,72.0,40.05194,-122.09470000000002
96064,307.0,41.72393,-122.39729
96067,1588.0,41.3194,-122.3262
96073,240.0,40.56584,-122.23712
96080,12814.0,40.17943,-122.3126
96088,228.0,40.50838,-121.87785
96093,194.0,40.73752,-122.92965
96094,514.0,41.46542,-122.3814
96097,1947.0,41.73371,-122.64192999999999
96101,352.0,55.72255,21.39702
96103,27.0,55.72942,21.38944
96114,37.0,55.72103,21.39222
96118,11.0,39.65792,-120.25268
96122,93.0,55.71279,21.39216
96127,48.0,55.70952,21.38535
96130,4307.0,55.71038,21.39997
96134,26.0,55.71013,21.39302
96137,88.0,55.70979,21.4016
96140,11.0,55.7073,21.39038
96143,180.0,55.7104,21.38467
96145,414.0,55.70763,21.38632
96146,15.0,55.70454,21.38841
96150,8778.0,55.69641,21.38933
96151,253.0,55.69822,21.38771
96158,12.0,55.71356,21.40498
96160,37.0,55.71036,21.37233
96161,7330.0,55.62906,21.49076
96162,24.0,39.2528,-120.28002
97211,439.0,48.82026,18.61895
98032,11.0,48.27494,19.95212
98290,360.0,56.18251,21.48976
98373,14.0,1.24651,103.84306
98661,23.0,45.64422,-122.62439
99503,37.0,61.18956,-149.89307
